dest_path	source_path	source_commit	source_sha256	dest_sha256	status
backend/__init__.py	backend/__init__.py	59bce1d	e3b0c44298fc1c149afbf4c8996fb92427ae41e4649b934ca495991b7852b855	e3b0c44298fc1c149afbf4c8996fb92427ae41e4649b934ca495991b7852b855	verbatim
backend/db/__init__.py	backend/db/__init__.py	59bce1d	e3b0c44298fc1c149afbf4c8996fb92427ae41e4649b934ca495991b7852b855	e3b0c44298fc1c149afbf4c8996fb92427ae41e4649b934ca495991b7852b855	verbatim
backend/db/connection.py	backend/db/connection.py	59bce1d	418d41fdcc9f70566e8c7c5d72199c6839960c4e83b6764c28d4c78ebac92f17	418d41fdcc9f70566e8c7c5d72199c6839960c4e83b6764c28d4c78ebac92f17	verbatim
backend/db/data/coaching_changes_2025.json	backend/db/data/coaching_changes_2025.json	59bce1d	3bdfe10f6416c6d7424e95f1ab63986192c45154db387a550ab57dc0e127f008	3bdfe10f6416c6d7424e95f1ab63986192c45154db387a550ab57dc0e127f008	verbatim
backend/db/schema.sql	backend/db/schema.sql	59bce1d	bd576b09626ad5a4fd016441d346276aff359d9917a99d78164c1250b50c8c28	bd576b09626ad5a4fd016441d346276aff359d9917a99d78164c1250b50c8c28	verbatim
backend/db/seed_coaching.py	backend/db/seed_coaching.py	59bce1d	9f47cd1a0fcc62ce0c6794b3a09d2aa187004deb8a0b9ca9e9722526a526b645	9f47cd1a0fcc62ce0c6794b3a09d2aa187004deb8a0b9ca9e9722526a526b645	verbatim
backend/grid/__init__.py	backend/grid/__init__.py	59bce1d	eb7ae7e7d11da58f8f1023d1539d6ca05a8e80def9e58d1afa783db1f39396c9	eb7ae7e7d11da58f8f1023d1539d6ca05a8e80def9e58d1afa783db1f39396c9	verbatim
backend/grid/cache.py	backend/grid/cache.py	59bce1d	2e4242d299dcfe1e50e4efbee8564898ecd79a3d64d728c222eb638c08b4e42e	2e4242d299dcfe1e50e4efbee8564898ecd79a3d64d728c222eb638c08b4e42e	verbatim
backend/grid/data_adapters.py	backend/grid/data_adapters.py	59bce1d	73bf289574a582becaccb2a00fa6a99a896a659a3e9b1e455559be400834f05f	73bf289574a582becaccb2a00fa6a99a896a659a3e9b1e455559be400834f05f	verbatim
backend/grid/layers.py	backend/grid/layers.py	59bce1d	d7a75921b4e69d7365b993f18a0cfb01e703ce551bfbd4135127b6e4472fbfd1	d7a75921b4e69d7365b993f18a0cfb01e703ce551bfbd4135127b6e4472fbfd1	verbatim
backend/grid/nflverse_adapter.py	backend/grid/nflverse_adapter.py	59bce1d	9ef3950cb47f625ce43042887935b61189a6a11693a333ccf25e4cf961f3ab1e	9ef3950cb47f625ce43042887935b61189a6a11693a333ccf25e4cf961f3ab1e	verbatim
backend/grid/nflverse_loader.py	backend/grid/nflverse_loader.py	59bce1d	19ba5ca51a982503de79aa6fe518b8618b7543d2c138fec7ae87f625f5fcdccd	19ba5ca51a982503de79aa6fe518b8618b7543d2c138fec7ae87f625f5fcdccd	verbatim
backend/grid/priors.py	backend/grid/priors.py	59bce1d	c566ebba4ba4e9117b653ecffd73ed8f5a90f853907f6acc46d1d54cbe824a2a	c566ebba4ba4e9117b653ecffd73ed8f5a90f853907f6acc46d1d54cbe824a2a	verbatim
backend/grid/situations.py	backend/grid/situations.py	59bce1d	738b9c9870cd1d91b4a712d9c22c84c0167eb9b5e01ffe5a7d88fc0b965cb116	738b9c9870cd1d91b4a712d9c22c84c0167eb9b5e01ffe5a7d88fc0b965cb116	verbatim
backend/grid/statespace.py	backend/grid/statespace.py	59bce1d	8933c65c49f7581c19c7e87eed82d60825976d22045ef852369cc49ae25fc5c3	8933c65c49f7581c19c7e87eed82d60825976d22045ef852369cc49ae25fc5c3	verbatim
backend/grid/synth.py	backend/grid/synth.py	59bce1d	7ae65bda5b59b7a375db4f11c10625161cafe4ce719d7b2579c29d42e7c3e8cc	7ae65bda5b59b7a375db4f11c10625161cafe4ce719d7b2579c29d42e7c3e8cc	verbatim
backend/grid/value.py	backend/grid/value.py	59bce1d	5cf45071238ac829b3b004f90d315bb24dfd7a076bae43144fe64287cebc1fa2	5cf45071238ac829b3b004f90d315bb24dfd7a076bae43144fe64287cebc1fa2	verbatim
backend/pipeline/__init__.py	backend/pipeline/__init__.py	59bce1d	a6ccdf280f67f00d98f70c4c156f614b299870ece8db9467c67e40ff3ce09ca9	a6ccdf280f67f00d98f70c4c156f614b299870ece8db9467c67e40ff3ce09ca9	verbatim
backend/pipeline/_logging.py	backend/pipeline/_logging.py	59bce1d	00a3b99048b2d13688c876d7529d0f9f2425cdfe338190ecddfccc1db7bab556	00a3b99048b2d13688c876d7529d0f9f2425cdfe338190ecddfccc1db7bab556	verbatim
backend/pipeline/compute_valuations.py	backend/pipeline/compute_valuations.py	59bce1d	6979be5a69f21c8a6268c4c5f503fc355afc89ebdbeb630e378018799f6803b2	6979be5a69f21c8a6268c4c5f503fc355afc89ebdbeb630e378018799f6803b2	verbatim
backend/pipeline/data_pipeline.py	backend/pipeline/data_pipeline.py	59bce1d	3cb428264a9b65dbebf87992204d4d20e5433112beb823f2d929759c0eb76292	3cb428264a9b65dbebf87992204d4d20e5433112beb823f2d929759c0eb76292	verbatim
backend/pipeline/health_check.py	backend/pipeline/health_check.py	59bce1d	6fccdb2367f2a47bc0688a573c00b5d05e6a9688cea5ae15a29b457f1750f710	6fccdb2367f2a47bc0688a573c00b5d05e6a9688cea5ae15a29b457f1750f710	verbatim
backend/pipeline/ingest_grid.py	backend/pipeline/ingest_grid.py	59bce1d	fe98d7f6e86e739ec8f53a2f922f1973954c71ce8e1f5a4ee11325c83e8ed15f	fe98d7f6e86e739ec8f53a2f922f1973954c71ce8e1f5a4ee11325c83e8ed15f	verbatim
backend/pipeline/weekly_update.py	backend/pipeline/weekly_update.py	59bce1d	00884efb97e19117067e61de138f4c7333880d16616a7aed88abeaecdfbd85e9	00884efb97e19117067e61de138f4c7333880d16616a7aed88abeaecdfbd85e9	verbatim
backend/projection/__init__.py	backend/projection/__init__.py	59bce1d	d73fcb3c2bb573aae5f0206cc9d4b05333871e64fd8721d98b8bec89d338aa70	d73fcb3c2bb573aae5f0206cc9d4b05333871e64fd8721d98b8bec89d338aa70	verbatim
backend/projection/features.py	backend/projection/features.py	59bce1d	db94a3d78a609f58a94ada81861b95cdf1ea6bea45772eaa456fc943222df072	db94a3d78a609f58a94ada81861b95cdf1ea6bea45772eaa456fc943222df072	verbatim
backend/projection/model.py	backend/projection/model.py	59bce1d	20808c9948cf52e77eb9eb86c2ddbbde2f67b86dbbc008825ea6d3acb5669a76	20808c9948cf52e77eb9eb86c2ddbbde2f67b86dbbc008825ea6d3acb5669a76	verbatim
backend/projection/preseason.py	backend/projection/preseason.py	59bce1d	1bccd6584b54ce699c8717da7a7db84291730e8b9396d154b901734344892c47	1bccd6584b54ce699c8717da7a7db84291730e8b9396d154b901734344892c47	verbatim
backend/projection/sv_to_points.py	backend/projection/sv_to_points.py	59bce1d	9ec0214eb51c8a3e97a73e79ba629603f18f021e730253bca7bd9b0514e64958	9ec0214eb51c8a3e97a73e79ba629603f18f021e730253bca7bd9b0514e64958	verbatim
backend/projection/volume.py	backend/projection/volume.py	59bce1d	79606e076df4da9094843b4e3095026aecf3c49c2e8b4328f8db0df9f75a7269	79606e076df4da9094843b4e3095026aecf3c49c2e8b4328f8db0df9f75a7269	verbatim
backend/scoring/__init__.py	backend/scoring/__init__.py	59bce1d	e3b0c44298fc1c149afbf4c8996fb92427ae41e4649b934ca495991b7852b855	e3b0c44298fc1c149afbf4c8996fb92427ae41e4649b934ca495991b7852b855	verbatim
backend/scoring/columns.py	backend/scoring/columns.py	59bce1d	4c46e88f09950b6120291c369c3b0a8c6a857ec32ed4eb57dd3ced6e9ba4d0aa	4c46e88f09950b6120291c369c3b0a8c6a857ec32ed4eb57dd3ced6e9ba4d0aa	verbatim
backend/scoring/engine.py	backend/scoring/engine.py	59bce1d	4401dee5d8a5218d3b73c56c127ff61c382545176fb9c89bc9886fbd45f6a4bd	4401dee5d8a5218d3b73c56c127ff61c382545176fb9c89bc9886fbd45f6a4bd	verbatim
backend/scoring/format_registry.py	backend/scoring/format_registry.py	59bce1d	3b28fea9fd4eff27672525555cbc34d76cc2131687813a6137ad088e0f8cc4a0	3b28fea9fd4eff27672525555cbc34d76cc2131687813a6137ad088e0f8cc4a0	verbatim
backend/scoring/formats.py	backend/scoring/formats.py	59bce1d	092f7f34b050371799ab865dd309fb80072b85f6430b090d5200be7f81c0ab88	092f7f34b050371799ab865dd309fb80072b85f6430b090d5200be7f81c0ab88	verbatim
backend/scoring/vor.py	backend/scoring/vor.py	59bce1d	237ca8485d20588d9778219acc0e0a53d09462a6b706bdeace12173ec295c4d7	237ca8485d20588d9778219acc0e0a53d09462a6b706bdeace12173ec295c4d7	verbatim
backend/validation/__init__.py	backend/validation/__init__.py	59bce1d	594641006a0308fd10b4a212cd533fc46d4444a70518ec2d5748aa0ee4c76aef	594641006a0308fd10b4a212cd533fc46d4444a70518ec2d5748aa0ee4c76aef	verbatim
backend/validation/asof.py	backend/validation/asof.py	59bce1d	69ccebd96f6788e17b358847c8cabbcc7615b52cc9a49c94c873fe5c94b11d17	69ccebd96f6788e17b358847c8cabbcc7615b52cc9a49c94c873fe5c94b11d17	verbatim
backend/validation/backtest.py	backend/validation/backtest.py	59bce1d	425c21110d5fdcddb15e53bb78851cd83553f1ff58044ea8938f86624e233491	425c21110d5fdcddb15e53bb78851cd83553f1ff58044ea8938f86624e233491	verbatim
backend/validation/baselines.py	backend/validation/baselines.py	59bce1d	10f23e863211600a9e69c6dc36c479074fa7e6a70afc46a821ee9620472eb4a1	10f23e863211600a9e69c6dc36c479074fa7e6a70afc46a821ee9620472eb4a1	verbatim
backend/validation/lineup_sim.py	backend/validation/lineup_sim.py	59bce1d	fdfcf48666dc5e2a3ca935f30d1e0325731fa0bc688634609915b441e6216178	7c3ce93b8915edf9f9f73c4ce20b99da9e2efa272c579cf54c06a90df4c54748	patched:P1
backend/validation/metrics.py	backend/validation/metrics.py	59bce1d	cfb0ab2bdb686647d22e587b8624b8dfd8c5181bf9321270cf8cb20953b83d18	cfb0ab2bdb686647d22e587b8624b8dfd8c5181bf9321270cf8cb20953b83d18	verbatim
backend/validation/provisional_thresholds.json	backend/validation/provisional_thresholds.json	59bce1d	8cf5f5bbd551daf4f70a77c289c9351414544f671ac49979db487fd41b3b7168	8cf5f5bbd551daf4f70a77c289c9351414544f671ac49979db487fd41b3b7168	verbatim
backend/validation/report.py	backend/validation/report.py	59bce1d	6d08ee7c8856bf63f0d4aa3e0322fdab3537d9df212d0e0737eb6689b52962d8	6d08ee7c8856bf63f0d4aa3e0322fdab3537d9df212d0e0737eb6689b52962d8	verbatim
backend/validation/sniff.py	backend/validation/sniff.py	59bce1d	050bdcebac57fdadfbd57ab73286de018d36a757466ae507a130c9a109876562	050bdcebac57fdadfbd57ab73286de018d36a757466ae507a130c9a109876562	verbatim
backend/validation/thresholds.py	backend/validation/thresholds.py	59bce1d	30e48700e93964400772a2bffcc620bb466cc45c1dcb8e29f34fdf506f53d1c2	30e48700e93964400772a2bffcc620bb466cc45c1dcb8e29f34fdf506f53d1c2	verbatim
backend/validation/tier1.py	backend/validation/tier1.py	59bce1d	e7d3f61af2a1164c438add45eadfb6145509e877859736b1157b0193bb3da0ac	e7d3f61af2a1164c438add45eadfb6145509e877859736b1157b0193bb3da0ac	verbatim
backend/validation/tier2.py	backend/validation/tier2.py	59bce1d	66a7907e7b601f606dad3e3e3065638d9f3a49ec403b9b60a43dabd05542ee2b	66a7907e7b601f606dad3e3e3065638d9f3a49ec403b9b60a43dabd05542ee2b	verbatim
backend/validation/verdict.py	backend/validation/verdict.py	59bce1d	07e39cf9d9ee34a7e52fe25b5f6b7f4bdea14357fa9d8543cd28348540627825	07e39cf9d9ee34a7e52fe25b5f6b7f4bdea14357fa9d8543cd28348540627825	verbatim
run_demo.py	run_demo.py	59bce1d	46f33e463fbf8b87935f1a9abcb156b96b2dc9f8a0a81d6e4f34b7addbbd97dc	d6611ef7a674c81a3d4f461d850bcca5d79976e922a9ba286c3bb13553925e08	patched:P2
tests/__init__.py	tests/__init__.py	59bce1d	e3b0c44298fc1c149afbf4c8996fb92427ae41e4649b934ca495991b7852b855	e3b0c44298fc1c149afbf4c8996fb92427ae41e4649b934ca495991b7852b855	verbatim
tests/db/__init__.py	tests/db/__init__.py	59bce1d	e3b0c44298fc1c149afbf4c8996fb92427ae41e4649b934ca495991b7852b855	e3b0c44298fc1c149afbf4c8996fb92427ae41e4649b934ca495991b7852b855	verbatim
tests/db/test_schema.py	tests/db/test_schema.py	59bce1d	df73c6e1ee9538bf82e2ad298682425adb4602262b35bebbef293f911de30775	df73c6e1ee9538bf82e2ad298682425adb4602262b35bebbef293f911de30775	verbatim
tests/grid/__init__.py	tests/grid/__init__.py	59bce1d	e3b0c44298fc1c149afbf4c8996fb92427ae41e4649b934ca495991b7852b855	e3b0c44298fc1c149afbf4c8996fb92427ae41e4649b934ca495991b7852b855	verbatim
tests/grid/golden/snapshot.npz	tests/grid/golden/snapshot.npz	59bce1d	caeda4fc5b1eb3331ab4d8c7164a5ad94ccdc2f34046289150ec5c71ccbad2c6	caeda4fc5b1eb3331ab4d8c7164a5ad94ccdc2f34046289150ec5c71ccbad2c6	verbatim
tests/grid/golden_master.py	tests/grid/golden_master.py	59bce1d	3704a84229e4d9da560524b359d8b9fe6260f680ee7e2b202247109b7a91b590	3704a84229e4d9da560524b359d8b9fe6260f680ee7e2b202247109b7a91b590	verbatim
tests/grid/test_attribution.py	tests/grid/test_attribution.py	59bce1d	b581b042e4b568cad32af944676881f2a64146415b363473932dca1707c32b56	b581b042e4b568cad32af944676881f2a64146415b363473932dca1707c32b56	verbatim
tests/grid/test_cache.py	tests/grid/test_cache.py	59bce1d	0b1df3548398a2f52874f9ebc6e6272b52adbcb301b1469ca08a66a159737607	0b1df3548398a2f52874f9ebc6e6272b52adbcb301b1469ca08a66a159737607	verbatim
tests/grid/test_calibration_synth.py	tests/grid/test_calibration_synth.py	59bce1d	c8cc13ad18033c40d0d530707754f8dce37f13e6e95a6037b532ac168e1552f7	c8cc13ad18033c40d0d530707754f8dce37f13e6e95a6037b532ac168e1552f7	verbatim
tests/grid/test_changepoint.py	tests/grid/test_changepoint.py	59bce1d	8a43ed0af320e713b8e9dac619ef10333349d7068d44680323d7abeb36c83f2c	8a43ed0af320e713b8e9dac619ef10333349d7068d44680323d7abeb36c83f2c	verbatim
tests/grid/test_coaching_changes.py	tests/grid/test_coaching_changes.py	59bce1d	490b9abf25de47fd853272170a990137046a3eb60b15a974163af88fa053ff09	490b9abf25de47fd853272170a990137046a3eb60b15a974163af88fa053ff09	verbatim
tests/grid/test_design_interactions.py	tests/grid/test_design_interactions.py	59bce1d	ad895a0a7f4279752e8626ceeea49cd4c0394bbba9c22e4d3927cdaabd3c434c	ad895a0a7f4279752e8626ceeea49cd4c0394bbba9c22e4d3927cdaabd3c434c	verbatim
tests/grid/test_determinism.py	tests/grid/test_determinism.py	59bce1d	61d22144c636ce3e69afc5829a6a6a4cf6cd41058c4a60d4d0c8344cd3ed3f59	61d22144c636ce3e69afc5829a6a6a4cf6cd41058c4a60d4d0c8344cd3ed3f59	verbatim
tests/grid/test_golden_master.py	tests/grid/test_golden_master.py	59bce1d	a5b7734eb97bf904b74b8fa961953f2bea18dc0efb3a04752f0e3d04961cf335	a5b7734eb97bf904b74b8fa961953f2bea18dc0efb3a04752f0e3d04961cf335	verbatim
tests/grid/test_grid_import.py	tests/grid/test_grid_import.py	59bce1d	15ad268969ce3cc999e71686e28763ca01643a5bb95e5f87cb5fb10cedf91fd1	15ad268969ce3cc999e71686e28763ca01643a5bb95e5f87cb5fb10cedf91fd1	verbatim
tests/grid/test_incremental.py	tests/grid/test_incremental.py	59bce1d	71cc3e4f8e1e59048fb62040812f7128b1df8b1a31ac6e57c7c16b7da0d095f4	71cc3e4f8e1e59048fb62040812f7128b1df8b1a31ac6e57c7c16b7da0d095f4	verbatim
tests/grid/test_kalman_numerical.py	tests/grid/test_kalman_numerical.py	59bce1d	7a3c6e47a28af39d722bbf93a5813b32d502ac6838f81815e6dd7dc10c4c04ff	7a3c6e47a28af39d722bbf93a5813b32d502ac6838f81815e6dd7dc10c4c04ff	verbatim
tests/grid/test_layers.py	tests/grid/test_layers.py	59bce1d	f93c9aadeb4be68e49eca682ae8f445004957c8346aee51692aaebf8d853bad8	f93c9aadeb4be68e49eca682ae8f445004957c8346aee51692aaebf8d853bad8	verbatim
tests/grid/test_layers_situations.py	tests/grid/test_layers_situations.py	59bce1d	6dcb8bafffd6f51c65b79707a8c3a928ede14df9bf9c0d8d2ae6c35d98276eec	6dcb8bafffd6f51c65b79707a8c3a928ede14df9bf9c0d8d2ae6c35d98276eec	verbatim
tests/grid/test_nflverse_adapter.py	tests/grid/test_nflverse_adapter.py	59bce1d	21c58d04688b620c07171c4eaadbd1cf7f5978ffd50d7ab7aa9562db38113395	21c58d04688b620c07171c4eaadbd1cf7f5978ffd50d7ab7aa9562db38113395	verbatim
tests/grid/test_nflverse_loader.py	tests/grid/test_nflverse_loader.py	59bce1d	f6e294b93948dd75fe1907b42e6d1053ce38737910e7724e4038d029bc7ddbd6	f6e294b93948dd75fe1907b42e6d1053ce38737910e7724e4038d029bc7ddbd6	verbatim
tests/grid/test_performance.py	tests/grid/test_performance.py	59bce1d	fff50c2c40cf6a5dd1e8d692311c39aaa02c95313417dd87db3dcbc513679529	fff50c2c40cf6a5dd1e8d692311c39aaa02c95313417dd87db3dcbc513679529	verbatim
tests/grid/test_phase0_prereqs.py	tests/grid/test_phase0_prereqs.py	59bce1d	16e9364364ed05cf0d1c54e1b5aa10992edf77237f0f0cac3162d1ad53df058c	16e9364364ed05cf0d1c54e1b5aa10992edf77237f0f0cac3162d1ad53df058c	verbatim
tests/grid/test_priors.py	tests/grid/test_priors.py	59bce1d	dfec87164ac99f0161e29142f259b224e91854ca829d80a00a7a2e67321375a6	dfec87164ac99f0161e29142f259b224e91854ca829d80a00a7a2e67321375a6	verbatim
tests/grid/test_rapm_robustness.py	tests/grid/test_rapm_robustness.py	59bce1d	4f197334d11c917cb6a62f3bffe3d2d54c9225d1583d55dd93b0b5bc6941f943	4f197334d11c917cb6a62f3bffe3d2d54c9225d1583d55dd93b0b5bc6941f943	verbatim
tests/grid/test_situations.py	tests/grid/test_situations.py	59bce1d	414fd98bfdacb686774fc578f84b99d4b325d399a6741f98f35f1e3ddb876f90	414fd98bfdacb686774fc578f84b99d4b325d399a6741f98f35f1e3ddb876f90	verbatim
tests/grid/test_tier0_recovery.py	tests/grid/test_tier0_recovery.py	59bce1d	0dacdb99aadc9e95237784c1252e1f3e5c657c6fb9bf3e6af6a7103b5e6a47f0	0dacdb99aadc9e95237784c1252e1f3e5c657c6fb9bf3e6af6a7103b5e6a47f0	verbatim
tests/pipeline/__init__.py	tests/pipeline/__init__.py	59bce1d	e3b0c44298fc1c149afbf4c8996fb92427ae41e4649b934ca495991b7852b855	e3b0c44298fc1c149afbf4c8996fb92427ae41e4649b934ca495991b7852b855	verbatim
tests/pipeline/test_compute_valuations.py	tests/pipeline/test_compute_valuations.py	59bce1d	da5af19e4307c507a96d47717aaf202b6cb2fac8a53a7c33b0999e71fa4397a7	da5af19e4307c507a96d47717aaf202b6cb2fac8a53a7c33b0999e71fa4397a7	verbatim
tests/pipeline/test_data_pipeline.py	tests/pipeline/test_data_pipeline.py	59bce1d	0fb0c8d21d16bc55aa645e66b7143098bb7bd8dfbebee27948f38d58c561f678	0fb0c8d21d16bc55aa645e66b7143098bb7bd8dfbebee27948f38d58c561f678	verbatim
tests/pipeline/test_ingest_grid.py	tests/pipeline/test_ingest_grid.py	59bce1d	ceb7f535ad166727c2fda2838d190ed4196be514b7fdfd9c167c8f38eeb7db20	ceb7f535ad166727c2fda2838d190ed4196be514b7fdfd9c167c8f38eeb7db20	verbatim
tests/pipeline/test_kalman_trajectory_write.py	tests/pipeline/test_kalman_trajectory_write.py	59bce1d	52f9bfa6bfcc65b6747bd5f936485cdb9e7521ecde86abc6aee925e5ab37cd62	52f9bfa6bfcc65b6747bd5f936485cdb9e7521ecde86abc6aee925e5ab37cd62	verbatim
tests/pipeline/test_pipeline.py	tests/pipeline/test_pipeline.py	59bce1d	bd6a3f1bece548f8989a1e1fd262435ca8b440fd55bd2a7e9be4f0bea580dded	bd6a3f1bece548f8989a1e1fd262435ca8b440fd55bd2a7e9be4f0bea580dded	verbatim
tests/pipeline/test_weekly_situations.py	tests/pipeline/test_weekly_situations.py	59bce1d	8b3fb27bd0fc8709c4c33bb6f29537116e4488ac4e2d69417e6e1079ed8ffd3d	8b3fb27bd0fc8709c4c33bb6f29537116e4488ac4e2d69417e6e1079ed8ffd3d	verbatim
tests/pipeline/test_weekly_update.py	tests/pipeline/test_weekly_update.py	59bce1d	468ffb7c50b527406d3705a196588c8440aff2b5f6e56f1bb24f25c45ffd2d87	468ffb7c50b527406d3705a196588c8440aff2b5f6e56f1bb24f25c45ffd2d87	verbatim
tests/projection/test_features.py	tests/projection/test_features.py	59bce1d	cccd30b251fa18bb7c94f01b580e7176cb42fc587c92761a7365a0b5824e09b5	cccd30b251fa18bb7c94f01b580e7176cb42fc587c92761a7365a0b5824e09b5	verbatim
tests/projection/test_model.py	tests/projection/test_model.py	59bce1d	6a62351934f8a1166c833477c9de6b73e771ed46add6b2e11ce5a4593f236321	6a62351934f8a1166c833477c9de6b73e771ed46add6b2e11ce5a4593f236321	verbatim
tests/projection/test_preseason.py	tests/projection/test_preseason.py	59bce1d	011cfa2e9e2a2e3710abf3634c2c37e86296850ea12cc8af3ea4c9bddac17222	011cfa2e9e2a2e3710abf3634c2c37e86296850ea12cc8af3ea4c9bddac17222	verbatim
tests/projection/test_sv_to_points.py	tests/projection/test_sv_to_points.py	59bce1d	c3eebd50f1965a725cab38222b949ef1efc6754b77bc36c83096cc281faaf7f9	c3eebd50f1965a725cab38222b949ef1efc6754b77bc36c83096cc281faaf7f9	verbatim
tests/projection/test_volume.py	tests/projection/test_volume.py	59bce1d	7c2a36c4ff3104b15c714fb93afaf5a3689f2a4820d9880be0f68fb2d58ce869	7c2a36c4ff3104b15c714fb93afaf5a3689f2a4820d9880be0f68fb2d58ce869	verbatim
tests/scoring/__init__.py	tests/scoring/__init__.py	59bce1d	e3b0c44298fc1c149afbf4c8996fb92427ae41e4649b934ca495991b7852b855	e3b0c44298fc1c149afbf4c8996fb92427ae41e4649b934ca495991b7852b855	verbatim
tests/scoring/test_engine.py	tests/scoring/test_engine.py	59bce1d	1f039bd8e730eac7a71438b73dd92db5fed268ef31bfae25de7d53c39dbba710	1f039bd8e730eac7a71438b73dd92db5fed268ef31bfae25de7d53c39dbba710	verbatim
tests/scoring/test_vor.py	tests/scoring/test_vor.py	59bce1d	3c4a9cd5ebb723671f965275b81dbe69df82cd0a6ff70e234bd79b5164ef16d4	3c4a9cd5ebb723671f965275b81dbe69df82cd0a6ff70e234bd79b5164ef16d4	verbatim
tests/validation/test_asof.py	tests/validation/test_asof.py	59bce1d	13bccc2ad2486b4d47d077b0385a7efa244061196bd086689acfd4e95756caf7	13bccc2ad2486b4d47d077b0385a7efa244061196bd086689acfd4e95756caf7	verbatim
tests/validation/test_backtest.py	tests/validation/test_backtest.py	59bce1d	734453d300092059547640fcb6f8402b45c3dcfc981b6a2c2c4efa4fb6b6c739	734453d300092059547640fcb6f8402b45c3dcfc981b6a2c2c4efa4fb6b6c739	verbatim
tests/validation/test_baselines.py	tests/validation/test_baselines.py	59bce1d	17ff3b76529bbf073076eed043d016afec062eb5edf7d588e45b28039a5c832c	17ff3b76529bbf073076eed043d016afec062eb5edf7d588e45b28039a5c832c	verbatim
tests/validation/test_leakage_guards.py	tests/validation/test_leakage_guards.py	59bce1d	55cc7648b7dff79fc9e7e4459d9d4d456e0e2d255bd32b8823ed7ae52725cc6d	55cc7648b7dff79fc9e7e4459d9d4d456e0e2d255bd32b8823ed7ae52725cc6d	verbatim
tests/validation/test_lineup_sim.py	tests/validation/test_lineup_sim.py	59bce1d	fd4c6d77256331053711edc50c99841697505affa82ba8e05695f5f64a9f4935	fd4c6d77256331053711edc50c99841697505affa82ba8e05695f5f64a9f4935	verbatim
tests/validation/test_metrics.py	tests/validation/test_metrics.py	59bce1d	5b16438e2492679e127235e52880ce6bafaad10f51e4ea407ad53874e8b24611	5b16438e2492679e127235e52880ce6bafaad10f51e4ea407ad53874e8b24611	verbatim
tests/validation/test_report.py	tests/validation/test_report.py	59bce1d	ae87c695a817495062afd389f683e04566ebf9c0437d2ad8f3d0540d433861c9	ae87c695a817495062afd389f683e04566ebf9c0437d2ad8f3d0540d433861c9	verbatim
tests/validation/test_sniff.py	tests/validation/test_sniff.py	59bce1d	594d5ab55b168342b50d293663ad54da8835c86b42d220c34997eff2bf149122	594d5ab55b168342b50d293663ad54da8835c86b42d220c34997eff2bf149122	verbatim
tests/validation/test_thresholds.py	tests/validation/test_thresholds.py	59bce1d	1b3de81c0733d2d886756dd1481b133de984a692f994b910a7dfcf18c462acbb	1b3de81c0733d2d886756dd1481b133de984a692f994b910a7dfcf18c462acbb	verbatim
tests/validation/test_tier1.py	tests/validation/test_tier1.py	59bce1d	f3c477dad7fc97bb8ce3617972d3d4851ffd71e01489fcc1e89b9101dd977700	f3c477dad7fc97bb8ce3617972d3d4851ffd71e01489fcc1e89b9101dd977700	verbatim
tests/validation/test_tier2.py	tests/validation/test_tier2.py	59bce1d	054b963cf0bb7f3c023a7d1a0386a9e3f20fc25c6c4a4cc487648356df0838ce	054b963cf0bb7f3c023a7d1a0386a9e3f20fc25c6c4a4cc487648356df0838ce	verbatim
tests/validation/test_verdict.py	tests/validation/test_verdict.py	59bce1d	f77bd97b2e1ce3a59039ec493b3b1a1c283fd51afb12388d6f289e519a855a99	f77bd97b2e1ce3a59039ec493b3b1a1c283fd51afb12388d6f289e519a855a99	verbatim
